Workbook

Sheet 4주 캘린더
A1: 아기 수면음악 채널 4주 실행 캘린더
A2: 시작일(월요일) | B2: 46286 | D2: 노란 배경·파란 글씨 셀만 수정하세요. 날짜는 B2에서 자동 계산됩니다.
A4: 주차 | B4: 주간 테마 | C4: 날짜 | D4: 요일 | E4: 유형 | F4: 작업 | G4: 산출물/측정 | H4: 담당 | I4: 완료(Y/N) | J4: 메모
A5: W1 | B5: 점검·세팅 | C5: =$B$2+0 | D5: 월 | E5: 점검 | F5: 전 영상 시청자층(아동용 여부) 전수 확인 | G5: 체크 결과 시트 | H5: 운영자 | I5: Y | J5: 예시 값입니다. 실제 진행에 맞춰 수정하세요.
A6: W1 | B6: 점검·세팅 | C6: =$B$2+1 | D6: 화 | E6: 점검 | F6: 재생목록 5개 구성, 전 영상 배치 | G6: 재생목록 링크
A7: W1 | B7: 점검·세팅 | C7: =$B$2+2 | D7: 수 | E7: 점검 | F7: 최종화면·타임스탬프 미설정 영상 보완 | G7: check_metadata.py 통과
A8: W1 | B8: 점검·세팅 | C8: =$B$2+3 | D8: 목 | E8: 제작 | F8: 썸네일 가이드 확정, 기존 상위 5개 썸네일 재제작 | G8: 썸네일 3종×5
A9: W1 | B9: 점검·세팅 | C9: =$B$2+4 | D9: 금 | E9: 세팅 | F9: 24시간 라이브 스트림 세팅·테스트 | G9: 라이브 URL
A10: W1 | B10: 점검·세팅 | C10: =$B$2+5 | D10: 토 | E10: 커뮤니티 | F10: 설문: 이번 주 소리 투표 | G10: 응답 수
A11: W1 | B11: 점검·세팅 | C11: =$B$2+6 | D11: 일 | E11: 측정 | F11: 기준선 기록: 노출·CTR·AVD·트래픽 소스 | G11: KPI 시트 W0
A12: W2 | B12: 신규 콘텐츠 + A/B | C12: =$B$2+7 | D12: 월 | E12: 커뮤니티 | F12: 설문 결과 발표 + 화요일 공개 예고 | G12: 게시글
A13: W2 | B13: 신규 콘텐츠 + A/B | C13: =$B$2+8 | D13: 화 | E13: 업로드 | F13: 롱폼 #1 공개 (새 제목 공식, 썸네일 A/B 3종) | G13: CTR 48h
A14: W2 | B14: 신규 콘텐츠 + A/B | C14: =$B$2+9 | D14: 수 | E14: 쇼츠 | F14: 쇼츠 2편, 관련 동영상 링크 → 롱폼 #1 | G14: 쇼츠→롱폼 클릭
A15: W2 | B15: 신규 콘텐츠 + A/B | C15: =$B$2+10 | D15: 목 | E15: 커뮤니티 | F15: 팁 카드 1건 + 댓글 전체 답변 | G15: 답변율 100%
A16: W2 | B16: 신규 콘텐츠 + A/B | C16: =$B$2+11 | D16: 금 | E16: 업로드 | F16: 롱폼 #2 공개 (다른 시리즈, 썸네일 A/B) | G16: CTR 48h
A17: W2 | B17: 신규 콘텐츠 + A/B | C17: =$B$2+12 | D17: 토 | E17: 쇼츠 | F17: 쇼츠 3편 (롱폼 #2 클립 + 훅형) | G17: 쇼츠 조회수
A18: W2 | B18: 신규 콘텐츠 + A/B | C18: =$B$2+13 | D18: 일 | E18: 측정 | F18: 주간 지표 기록, 저CTR 썸네일 교체 | G18: KPI 시트 W2
A19: W3 | B19: 글로벌·첫 7일 루틴 | C19: =$B$2+14 | D19: 월 | E19: 글로벌 | F19: 상위 10개 영상 영어·일본어 제목·설명 입력 | G19: 번역 메타 10편
A20: W3 | B20: 글로벌·첫 7일 루틴 | C20: =$B$2+15 | D20: 화 | E20: 업로드 | F20: 롱폼 #3 공개 + 첫 7일 체크리스트 D-0 실행 | G20: 체크리스트 완료
A21: W3 | B21: 글로벌·첫 7일 루틴 | C21: =$B$2+16 | D21: 수 | E21: 배포 | F21: 인스타 릴스·맘카페·블로그 임베드 | G21: 외부 유입 수
A22: W3 | B22: 글로벌·첫 7일 루틴 | C22: =$B$2+17 | D22: 목 | E22: 커뮤니티 | F22: Hype 요청 게시 (자격 충족 시) + 팁 카드 | G22: 하이프 수
A23: W3 | B23: 글로벌·첫 7일 루틴 | C23: =$B$2+18 | D23: 금 | E23: 업로드 | F23: 롱폼 #4 공개 (해외 타깃, KST 09:00 예약) | G23: 해외 조회 비율
A24: W3 | B24: 글로벌·첫 7일 루틴 | C24: =$B$2+19 | D24: 토 | E24: 쇼츠 | F24: 쇼츠 3편 (영어 자막 포함) | G24: 쇼츠 조회수
A25: W3 | B25: 글로벌·첫 7일 루틴 | C25: =$B$2+20 | D25: 일 | E25: 측정 | F25: 초기 48시간 조회 추이 기록 | G25: KPI 시트 W3
A26: W4 | B26: 리뷰·재작성 | C26: =$B$2+21 | D26: 월 | E26: 분석 | F26: 4주 지표 리뷰: 노출·CTR·AVD 전월 대비 | G26: 리뷰 노트
A27: W4 | B27: 리뷰·재작성 | C27: =$B$2+22 | D27: 화 | E27: 분석 | F27: A/B 승자 썸네일 패턴 확정 → 가이드 반영 | G27: thumbnail_guide 갱신
A28: W4 | B28: 리뷰·재작성 | C28: =$B$2+23 | D28: 수 | E28: 재작성 | F28: 저성과 영상 10편 제목·설명 재작성 | G28: check_metadata.py 통과
A29: W4 | B29: 리뷰·재작성 | C29: =$B$2+24 | D29: 목 | E29: 업로드 | F29: 롱폼 #5 공개 (승자 패턴 적용) | G29: CTR 48h
A30: W4 | B30: 리뷰·재작성 | C30: =$B$2+25 | D30: 금 | E30: 커뮤니티 | F30: 후기 공유 + 다음 달 라인업 설문 | G30: 응답 수
A31: W4 | B31: 리뷰·재작성 | C31: =$B$2+26 | D31: 토 | E31: 쇼츠 | F31: 쇼츠 2편 | G31: 쇼츠 조회수
A32: W4 | B32: 리뷰·재작성 | C32: =$B$2+27 | D32: 일 | E32: 측정 | F32: 월간 KPI 마감, 다음 4주 계획 초안 | G32: KPI 시트 W4
A34: 완료 건수 | B34: =COUNTIF(I5:I32,"Y")
A35: 전체 건수 | B35: =COUNTA(F5:F32)
A36: 진행률 | B36: =IF(B35=0,0,B34/B35)

Sheet 주간 요약
A1: 주차 | B1: 테마 | C1: 업로드 | D1: 쇼츠 | E1: 커뮤니티 | F1: 측정 항목
A2: W1 | B2: 점검·세팅 | C2: =COUNTIFS('4주 캘린더'!$A$5:$A$32,A2,'4주 캘린더'!$E$5:$E$32,"업로드") | D2: =COUNTIFS('4주 캘린더'!$A$5:$A$32,A2,'4주 캘린더'!$E$5:$E$32,"쇼츠") | E2: =COUNTIFS('4주 캘린더'!$A$5:$A$32,A2,'4주 캘린더'!$E$5:$E$32,"커뮤니티") | F2: 기준선 노출·CTR·AVD
A3: W2 | B3: 신규 콘텐츠 + A/B | C3: =COUNTIFS('4주 캘린더'!$A$5:$A$32,A3,'4주 캘린더'!$E$5:$E$32,"업로드") | D3: =COUNTIFS('4주 캘린더'!$A$5:$A$32,A3,'4주 캘린더'!$E$5:$E$32,"쇼츠") | E3: =COUNTIFS('4주 캘린더'!$A$5:$A$32,A3,'4주 캘린더'!$E$5:$E$32,"커뮤니티") | F3: CTR 48h, 쇼츠→롱폼 클릭
A4: W3 | B4: 글로벌·첫 7일 루틴 | C4: =COUNTIFS('4주 캘린더'!$A$5:$A$32,A4,'4주 캘린더'!$E$5:$E$32,"업로드") | D4: =COUNTIFS('4주 캘린더'!$A$5:$A$32,A4,'4주 캘린더'!$E$5:$E$32,"쇼츠") | E4: =COUNTIFS('4주 캘린더'!$A$5:$A$32,A4,'4주 캘린더'!$E$5:$E$32,"커뮤니티") | F4: 해외 조회 비율, 하이프 수
A5: W4 | B5: 리뷰·재작성 | C5: =COUNTIFS('4주 캘린더'!$A$5:$A$32,A5,'4주 캘린더'!$E$5:$E$32,"업로드") | D5: =COUNTIFS('4주 캘린더'!$A$5:$A$32,A5,'4주 캘린더'!$E$5:$E$32,"쇼츠") | E5: =COUNTIFS('4주 캘린더'!$A$5:$A$32,A5,'4주 캘린더'!$E$5:$E$32,"커뮤니티") | F5: 전월 대비 노출·AVD
